{
	"parent": "item/handheld",
	"textures": {
		"layer0": "items/diamond_hoe"
	},
	"overrides": [
		{ "predicate": {"damaged": 0, "damage": 0}, "model": "item/diamond_hoe"},
		{ "predicate": {"damaged": 0, "damage": 0.0006402048655569782}, "model": "dice/dd_dragon_blank"},
		{ "predicate": {"damaged": 0, "damage": 0.0012804097311139564}, "model": "dice/dd_spellcaster_blank"},
		{ "predicate": {"damaged": 0, "damage": 0.0019206145966709346}, "model": "dice/dd_beast_blank"},
		{ "predicate": {"damaged": 0, "damage": 0.002560819462227913}, "model": "dice/dd_dragon_blank"},
		{ "predicate": {"damaged": 1, "damage": 0}, "model": "item/diamond_hoe"}
	]
}